month,GHG,class,mean,sd,min,max,lower,upper,lower_quantile,upper_quantile,sum_point,sum_lower,sum_upper,sum_lower_q,sum_upper_q,trend,trend_low,trend_high,trend_low_q,trend_high_q
Apr,CH4,Barren,-7.868379018061594,5.59752944110133,-25.555163643291962,10.546369077888357,-18.839335125022817,3.102577088899629,-18.78107391979412,3.0759238069847714,-220.12758038515005,-488.91835526315697,48.66319449285688,-495.3478004973268,51.2017626886261,-306.6658451071369,-681.3067409670842,67.9750507528105,-690.272678266515,71.49157788958773
Apr,CH4,Cropland,-24.83869016763619,43.76394750553215,-144.33651553498325,93.16231277310847,-110.61445109978072,60.93707076450835,-112.24285218622806,59.464799696538385,-220.12758038515005,-488.91835526315697,48.66319449285688,-495.3478004973268,51.2017626886261,-306.6658451071369,-681.3067409670842,67.9750507528105,-690.272678266515,71.49157788958773
Apr,CH4,Forestland,-58.9772707689997,0.4031408556262265,-60.30433986117472,-57.72940715020832,-59.767412326723765,-58.18712921127564,-59.7767006367061,-58.207870078603655,-220.12758038515005,-488.91835526315697,48.66319449285688,-495.3478004973268,51.2017626886261,-306.6658451071369,-681.3067409670842,67.9750507528105,-690.272678266515,71.49157788958773
Apr,CH4,Grassland,-136.3898706190339,87.33112005643052,-416.55467371004244,149.25530338788334,-307.55572065918125,34.77597942111345,-312.4062965759309,38.83293909213834,-220.12758038515005,-488.91835526315697,48.66319449285688,-495.3478004973268,51.2017626886261,-306.6658451071369,-681.3067409670842,67.9750507528105,-690.272678266515,71.49157788958773
Apr,CH4,Wetland,7.946630188581339,0.0449325812741494,7.802154491141967,8.087596830233451,7.858563947551588,8.03469642961109,7.859122821332387,8.035970171568259,-220.12758038515005,-488.91835526315697,48.66319449285688,-495.3478004973268,51.2017626886261,-306.6658451071369,-681.3067409670842,67.9750507528105,-690.272678266515,71.49157788958773
Apr,CO2,Barren,78079.61664195122,23558.895576645577,5514.387045668361,154307.12431091815,31905.02979618591,124254.20348771653,34620.80439483499,125780.65714297298,6153344.207773736,2670792.6124946256,9635895.803052846,2681611.1750260955,9617138.234546635,7541609.955626857,3273138.6430334672,11810081.268220246,3286583.726595236,11786985.145326175
Apr,CO2,Cropland,3020087.4283493687,890657.3816944993,426847.4148943921,5869452.796048999,1274431.0376634065,4765743.819035331,1318988.9538165175,4739706.453073517,6153344.207773736,2670792.6124946256,9635895.803052846,2681611.1750260955,9617138.234546635,7541609.955626857,3273138.6430334672,11810081.268220246,3286583.726595236,11786985.145326175
Apr,CO2,Forestland,82340.10787855001,6215.068189176444,61953.80829055017,100354.44158270024,70158.79806630361,94521.41769079641,70253.44713716705,94476.45052372014,6153344.207773736,2670792.6124946256,9635895.803052846,2681611.1750260955,9617138.234546635,7541609.955626857,3273138.6430334672,11810081.268220246,3286583.726595236,11786985.145326175
Apr,CO2,Grassland,2947217.278736191,850034.8843176434,533080.5154992491,5510407.714218338,1281179.519870939,4613255.037601443,1244634.4589376673,4619846.348792605,6153344.207773736,2670792.6124946256,9635895.803052846,2681611.1750260955,9617138.234546635,7541609.955626857,3273138.6430334672,11810081.268220246,3286583.726595236,11786985.145326175
Apr,CO2,Wetland,25619.77616767531,6378.4585678591,5996.148182692006,46210.259377996124,13118.227097790545,38121.32523756008,13113.510739908492,37328.32501382014,6153344.207773736,2670792.6124946256,9635895.803052846,2681611.1750260955,9617138.234546635,7541609.955626857,3273138.6430334672,11810081.268220246,3286583.726595236,11786985.145326175
Apr,N2O,Barren,64.70856006375729,14.620753067481347,7.003817880102512,111.58958399058368,36.05241062464034,93.36470950287423,36.853504248422354,92.39616258857485,1649.1086361736072,1027.5776318216006,2270.6396405256137,1041.3656249695437,2257.719521010127,2561.7501044240557,1590.258052958054,3533.2421558900583,1611.8050013082666,3513.1037037263163
Apr,N2O,Cropland,475.1452673947132,274.9934606003985,-447.8434114762834,1230.8434698940812,-63.832011366102165,1014.1225461555285,-51.73479662731259,1005.2981213747056,1649.1086361736072,1027.5776318216006,2270.6396405256137,1041.3656249695437,2257.719521010127,2561.7501044240557,1590.258052958054,3533.2421558900583,1611.8050013082666,3513.1037037263163
Apr,N2O,Forestland,18.226015238325026,10.9645699107465,-13.004977412794233,56.323693840249994,-3.2641468927096646,39.71617736935971,-2.58361063026284,38.630497851985126,1649.1086361736072,1027.5776318216006,2270.6396405256137,1041.3656249695437,2257.719521010127,2561.7501044240557,1590.258052958054,3533.2421558900583,1611.8050013082666,3513.1037037263163
Apr,N2O,Grassland,1088.5257369406684,16.460466217699956,1040.2564473925013,1141.5922535076654,1056.2638159852381,1120.7876578960986,1056.4722124689888,1118.7502886469945,1649.1086361736072,1027.5776318216006,2270.6396405256137,1041.3656249695437,2257.719521010127,2561.7501044240557,1590.258052958054,3533.2421558900583,1611.8050013082666,3513.1037037263163
Apr,N2O,Wetland,2.503056536143297,0.07423251996310588,2.291877823925006,2.7194806585915408,2.3575634705339588,2.648549601752635,2.3583155097078587,2.644450547867283,1649.1086361736072,1027.5776318216006,2270.6396405256137,1041.3656249695437,2257.719521010127,2561.7501044240557,1590.258052958054,3533.2421558900583,1611.8050013082666,3513.1037037263163
Aug,CH4,Barren,-14.253849886378383,10.140124694666271,-46.294092538900564,19.105124618099882,-34.12812908666948,5.620429313912716,-34.02258683055023,5.572145940867508,-416.26777934392754,-926.0109609051667,93.47540221731154,-938.2099373430777,98.20220331935853,-306.6658451071369,-681.3067409670842,67.9750507528105,-690.272678266515,71.49157788958773
Aug,CH4,Cropland,-47.899074251914286,84.39465032079997,-278.33937410598384,179.65474454901687,-213.3095493685339,117.51140086470532,-216.44976747284238,114.67226479400219,-416.26777934392754,-926.0109609051667,93.47540221731154,-938.2099373430777,98.20220331935853,-306.6658451071369,-681.3067409670842,67.9750507528105,-690.272678266515,71.49157788958773
Aug,CH4,Forestland,-111.44118200026476,0.7617594520362307,-113.9487607047419,-109.08326691129211,-112.93420309113874,-109.94816090939078,-112.95175392436215,-109.98735205439279,-416.26777934392754,-926.0109609051667,93.47540221731154,-938.2099373430777,98.20220331935853,-306.6658451071369,-681.3067409670842,67.9750507528105,-690.272678266515,71.49157788958773
Aug,CH4,Grassland,-257.21967116717104,164.69904899551216,-785.5866107104157,281.48278081900816,-580.0238754863726,65.58453315203047,-589.1716482396089,73.23561330763819,-416.26777934392754,-926.0109609051667,93.47540221731154,-938.2099373430777,98.20220331935853,-306.6658451071369,-681.3067409670842,67.9750507528105,-690.272678266515,71.49157788958773
Aug,CH4,Wetland,14.545997961800952,0.08224734511675032,14.281540808191494,14.804031925058856,14.384796127548086,14.707199796053818,14.385819124285991,14.709531331243427,-416.26777934392754,-926.0109609051667,93.47540221731154,-938.2099373430777,98.20220331935853,-306.6658451071369,-681.3067409670842,67.9750507528105,-690.272678266515,71.49157788958773
Aug,CO2,Barren,113610.90377357045,34279.72028402434,8023.790625004175,224526.8689272503,46423.886616775606,180797.92093036528,50375.51470959201,183019.00995204787,9243226.342473315,4011224.347948264,14475228.336998366,4028217.081722596,14446648.338268813,7541609.955626857,3273138.6430334672,11810081.268220246,3286583.726595236,11786985.145326175
Aug,CO2,Cropland,4571093.856080533,1348066.4324879125,646060.6330109177,8883789.046212515,1928932.199636829,7213255.512524237,1996373.4315875834,7173846.307857032,9243226.342473315,4011224.347948264,14475228.336998366,4028217.081722596,14446648.338268813,7541609.955626857,3273138.6430334672,11810081.268220246,3286583.726595236,11786985.145326175
Aug,CO2,Forestland,123018.24682701167,9285.472320130162,92560.58895867504,149932.12643123357,104819.05550011297,141217.43815391036,104960.46365541162,141150.25604542752,9243226.342473315,4011224.347948264,14475228.336998366,4028217.081722596,14446648.338268813,7541609.955626857,3273138.6430334672,11810081.268220246,3286583.726595236,11786985.145326175
Aug,CO2,Grassland,4398006.306979396,1268470.7060297348,795493.2560313344,8222945.778722505,1911849.4077170226,6884163.20624177,1857314.776139975,6893999.138054124,9243226.342473315,4011224.347948264,14475228.336998366,4028217.081722596,14446648.338268813,7541609.955626857,3273138.6430334672,11810081.268220246,3286583.726595236,11786985.145326175
Aug,CO2,Wetland,37497.028812803925,9335.493141510175,8775.944789708281,67633.19929116964,19199.7984775233,55794.259148084544,19192.895630033938,54633.62636018197,9243226.342473315,4011224.347948264,14475228.336998366,4028217.081722596,14446648.338268813,7541609.955626857,3273138.6430334672,11810081.268220246,3286583.726595236,11786985.145326175
Aug,N2O,Barren,139.51151574027818,31.52231203566974,15.100216222691566,240.58690207316735,77.72891944093203,201.29411203962434,79.45607556361462,199.20592698426654,3770.0685341753174,2325.773201940869,5214.363866409767,2357.804857351993,5184.536966789506,2561.7501044240557,1590.258052958054,3533.2421558900583,1611.8050013082666,3513.1037037263163
Aug,N2O,Cropland,1110.74050138269,642.8483987203597,-1046.9173314755026,2877.325707925076,-149.21920762845934,2370.7002103938394,-120.93971652045477,2350.07147497718,3770.0685341753174,2325.773201940869,5214.363866409767,2357.804857351993,5184.536966789506,2561.7501044240557,1590.258052958054,3533.2421558900583,1611.8050013082666,3513.1037037263163
Aug,N2O,Forestland,41.510346504514274,24.972166999564283,-29.619261897316694,128.27905700455813,-7.434201430551376,90.45489443957993,-5.884257809104768,87.9822237888803,3770.0685341753174,2325.773201940869,5214.363866409767,2357.804857351993,5184.536966789506,2561.7501044240557,1590.258052958054,3533.2421558900583,1611.8050013082666,3513.1037037263163
Aug,N2O,Grassland,2472.830304593043,37.3936401405309,2363.1757893848358,2593.3827967142474,2399.540116666751,2546.1204925193347,2400.0135360109275,2541.492151405989,3770.0685341753174,2325.773201940869,5214.363866409767,2357.804857351993,5184.536966789506,2561.7501044240557,1590.258052958054,3533.2421558900583,1611.8050013082666,3513.1037037263163
Aug,N2O,Wetland,5.475865954792026,0.16239638335510545,5.013876261799851,5.949330883300111,5.157574892196459,5.794157017387592,5.159220107010757,5.785189633189505,3770.0685341753174,2325.773201940869,5214.363866409767,2357.804857351993,5184.536966789506,2561.7501044240557,1590.258052958054,3533.2421558900583,1611.8050013082666,3513.1037037263163
Dec,CH4,Barren,-11.409749060671704,8.11684416016116,-37.0569343069504,15.293038680991685,-27.318471282711833,4.498973161368427,-27.23398809625591,4.460323871902975,-326.26186421801566,-724.8777451430786,72.35401670704736,-734.4147874667409,76.08396446250559,-306.6658451071369,-681.3067409670842,67.9750507528105,-690.272678266515,71.49157788958773
Dec,CH4,Cropland,-37.14944058503267,65.45458543307576,-215.8737345620581,139.33616385447507,-165.43807065686119,91.13918948679586,-167.87355292267745,88.93721964878611,-326.26186421801566,-724.8777451430786,72.35401670704736,-734.4147874667409,76.08396446250559,-306.6658451071369,-681.3067409670842,67.9750507528105,-690.272678266515,71.49157788958773
Dec,CH4,Forestland,-87.38077650680825,0.5972938480687693,-89.34696324689169,-85.53194066609983,-88.55145093721038,-86.21010207640612,-88.5652125054922,-86.24083176378221,-326.26186421801566,-724.8777451430786,72.35401670704736,-734.4147874667409,76.08396446250559,-306.6658451071369,-681.3067409670842,67.9750507528105,-690.272678266515,71.49157788958773
Dec,CH4,Grassland,-201.6947422061575,129.1461577491852,-616.0053319750829,220.72027638922495,-454.81656013628884,51.427075723973815,-461.9896416462272,57.42654937457096,-326.26186421801566,-724.8777451430786,72.35401670704736,-734.4147874667409,76.08396446250559,-306.6658451071369,-681.3067409670842,67.9750507528105,-690.272678266515,71.49157788958773
Dec,CH4,Wetland,11.372844140654482,0.06430540135179062,11.166077303633452,11.574588981743242,11.24680786999358,11.498880411315385,11.247607703911822,11.500703331027761,-326.26186421801566,-724.8777451430786,72.35401670704736,-734.4147874667409,76.08396446250559,-306.6658451071369,-681.3067409670842,67.9750507528105,-690.272678266515,71.49157788958773
Dec,CO2,Barren,98717.81652978859,29786.041878825814,6971.963645065902,195093.97000266612,40338.24720528824,157097.38585428894,43771.86214984584,159027.31556404536,7902307.958145396,3429607.2559967265,12375008.660294065,3443823.005821774,12350756.299601821,7541609.955626857,3273138.6430334672,11810081.268220246,3286583.726595236,11786985.145326175
Dec,CO2,Cropland,3893519.491124426,1148242.2141125684,550294.9067059495,7566942.81401666,1643006.105935263,6144032.8763135895,1700450.507510261,6110465.307732586,7902307.958145396,3429607.2559967265,12375008.660294065,3443823.005821774,12350756.299601821,7541609.955626857,3273138.6430334672,11810081.268220246,3286583.726595236,11786985.145326175
Dec,CO2,Forestland,105522.13074962368,7964.857649244414,79396.27512407489,128608.21753616694,89911.29661511628,121132.96488413108,90032.59317264611,121075.33766689869,7902307.958145396,3429607.2559967265,12375008.660294065,3443823.005821774,12350756.299601821,7541609.955626857,3273138.6430334672,11810081.268220246,3286583.726595236,11786985.145326175
Dec,CO2,Grassland,3772435.9913851973,1088044.038920649,682342.6754060015,7053317.900347491,1639908.8615072286,5904963.121263166,1593131.2098672332,5913399.994834822,7902307.958145396,3429607.2559967265,12375008.660294065,3443823.005821774,12350756.299601821,7541609.955626857,3273138.6430334672,11810081.268220246,3286583.726595236,11786985.145326175
Dec,CO2,Wetland,32112.528356360504,7994.934471312284,7515.736175267026,57921.2033281674,16442.744733830652,47782.31197889036,16436.833121787913,46788.34380346959,7902307.958145396,3429607.2559967265,12375008.660294065,3443823.005821774,12350756.299601821,7541609.955626857,3273138.6430334672,11810081.268220246,3286583.726595236,11786985.145326175
Dec,N2O,Barren,104.63023136558277,23.640964575357323,11.32479357469174,180.43430389149822,58.29479223809518,150.96567049307038,59.59011717067685,149.39958267355914,2744.084016595643,1701.1722171863767,3786.9958160049096,1724.3055974762467,3765.387205577404,2561.7501044240557,1590.258052958054,3533.2421558900583,1611.8050013082666,3513.1037037263163
Dec,N2O,Cropland,799.6724540383325,462.815712526367,-753.7232599280833,2071.517250932748,-107.42967399258976,1706.7745820692548,-87.0699859960284,1691.9230200222896,2744.084016595643,1701.1722171863767,3786.9958160049096,1724.3055974762467,3765.387205577404,2561.7501044240557,1590.258052958054,3533.2421558900583,1611.8050013082666,3513.1037037263163
Dec,N2O,Forestland,30.303973478793733,18.230536485174813,-21.623074789321663,93.64810146617553,-5.427221450992317,66.03516840857978,-4.2957095665308875,64.23003421601886,2744.084016595643,1701.1722171863767,3786.9958160049096,1724.3055974762467,3765.387205577404,2561.7501044240557,1590.258052958054,3533.2421558900583,1611.8050013082666,3513.1037037263163
Dec,N2O,Grassland,1805.4959254014673,27.302344517637053,1725.4335046023334,1893.5153228171646,1751.984313453394,1859.0075373495406,1752.3299727149433,1855.6282310517793,2744.084016595643,1701.1722171863767,3786.9958160049096,1724.3055974762467,3765.387205577404,2561.7501044240557,1590.258052958054,3533.2421558900583,1611.8050013082666,3513.1037037263163
Dec,N2O,Wetland,3.981432311466638,0.11807633957690353,3.6455254966582893,4.325682623708114,3.750006938469586,4.212857684463691,3.7512031531858687,4.206337613757288,2744.084016595643,1701.1722171863767,3786.9958160049096,1724.3055974762467,3765.387205577404,2561.7501044240557,1590.258052958054,3533.2421558900583,1611.8050013082666,3513.1037037263163
Feb,CH4,Barren,-12.558385302247832,8.933978815797182,-40.787510458999655,16.832611407733264,-30.068662019854106,4.951891415358443,-29.975673786602805,4.909351245003653,-363.912365671457,-808.7698175991355,80.94508625622149,-819.4203874612224,85.10948562808777,-306.6658451071369,-681.3067409670842,67.9750507528105,-690.272678266515,71.49157788958773
Feb,CH4,Cropland,-41.49266572834234,73.10702909631578,-241.1120212485997,155.62626999591672,-184.77980977384306,101.7944783171584,-187.50002978124073,99.33507120378998,-363.912365671457,-808.7698175991355,80.94508625622149,-819.4203874612224,85.10948562808777,-306.6658451071369,-681.3067409670842,67.9750507528105,-690.272678266515,71.49157788958773
Feb,CH4,Forestland,-97.31740472927054,0.6652159602899935,-99.50717916716651,-95.25832591376577,-98.62120405338015,-96.01360540516092,-98.63653053779423,-96.04782956227574,-363.912365671457,-808.7698175991355,80.94508625622149,-819.4203874612224,85.10948562808777,-306.6658451071369,-681.3067409670842,67.9750507528105,-690.272678266515,71.49157788958773
Feb,CH4,Grassland,-225.19656439957936,144.19449268933244,-687.7833447478333,246.43898691901632,-507.812576839695,57.41944804053628,-515.8214782841452,64.11799079649217,-363.912365671457,-808.7698175991355,80.94508625622149,-819.4203874612224,85.10948562808777,-306.6658451071369,-681.3067409670842,67.9750507528105,-690.272678266515,71.49157788958773
Feb,CH4,Wetland,12.652654487983057,0.07154182497854825,12.422619738874346,12.877102105258624,12.512435087636835,12.792873888329279,12.513324928560513,12.79490194507771,-363.912365671457,-808.7698175991355,80.94508625622149,-819.4203874612224,85.10948562808777,-306.6658451071369,-681.3067409670842,67.9750507528105,-690.272678266515,71.49157788958773
Feb,CO2,Barren,104874.45425222968,31643.67888377386,7406.777297612435,207261.20523300022,42853.98330168231,166894.92520277706,46501.7391585369,168945.21695514815,8471346.357807795,3676499.9197616875,13266192.795853904,3691719.840081699,13240169.232250253,7541609.955626857,3273138.6430334672,11810081.268220246,3286583.726595236,11786985.145326175
Feb,CO2,Cropland,4174951.566180254,1231239.6640344206,590071.4219744913,8113897.933371663,1761766.1683355938,6588136.964024914,1823362.77646114,6552143.058424298,8471346.357807795,3676499.9197616875,13266192.795853904,3691719.840081699,13240169.232250253,7541609.955626857,3273138.6430334672,11810081.268220246,3286583.726595236,11786985.145326175
Feb,CO2,Forestland,112940.03325916018,8524.76425011345,84977.60507170825,137649.00559484152,96231.80235224322,129648.26416607713,96361.62570914613,129586.5859211012,8471346.357807795,3676499.9197616875,13266192.795853904,3691719.840081699,13240169.232250253,7541609.955626857,3273138.6430334672,11810081.268220246,3286583.726595236,11786985.145326175
Feb,CO2,Grassland,4044237.0457004993,1166436.7585308447,731504.9299819171,7561503.922884166,1758063.0087364004,6330411.082664598,1707915.0639853037,6339455.8263588725,8471346.357807795,3676499.9197616875,13266192.795853904,3691719.840081699,13240169.232250253,7541609.955626857,3273138.6430334672,11810081.268220246,3286583.726595236,11786985.145326175
Feb,CO2,Wetland,34343.25841565289,8550.310879216438,8037.8245769577725,61944.75973891715,17584.95703576767,51101.55979553811,17578.6347675723,50038.544590832906,8471346.357807795,3676499.9197616875,13266192.795853904,3691719.840081699,13240169.232250253,7541609.955626857,3273138.6430334672,11810081.268220246,3286583.726595236,11786985.145326175
Feb,N2O,Barren,118.45513028308343,26.76466927619609,12.821150071166661,204.27527203225085,65.99734244361339,170.9129181225535,67.46381997735449,169.1399015263,3162.4670563538116,1960.4471672222542,4364.48694548537,1987.1030880165922,4339.6004260676045,2561.7501044240557,1590.258052958054,3533.2421558900583,1611.8050013082666,3513.1037037263163
Feb,N2O,Cropland,922.5749178035122,533.9463248808098,-869.5637458350853,2389.8908207438362,-123.94064864039785,1969.0904842474224,-100.45185971803947,1951.9563706919246,3162.4670563538116,1960.4471672222542,4364.48694548537,1987.1030880165922,4339.6004260676045,2561.7501044240557,1590.258052958054,3533.2421558900583,1611.8050013082666,3513.1037037263163
Feb,N2O,Forestland,34.83459230480682,20.956106842007948,-24.85584919051841,107.64903279024172,-6.238622361702156,75.9078069713158,-4.937942924042698,73.83279480508513,3162.4670563538116,1960.4471672222542,4364.48694548537,1987.1030880165922,4339.6004260676045,2561.7501044240557,1590.258052958054,3533.2421558900583,1611.8050013082666,3513.1037037263163
Feb,N2O,Grassland,2082.031236772742,31.48405561214345,1989.7062092558335,2183.5319559286727,2020.3236216856847,2143.738851859799,2020.7222231830842,2139.8419606116377,3162.4670563538116,1960.4471672222542,4364.48694548537,1987.1030880165922,4339.6004260676045,2561.7501044240557,1590.258052958054,3533.2421558900583,1611.8050013082666,3513.1037037263163
Feb,N2O,Wetland,4.571179189666953,0.13556631484394893,4.1855164127000535,4.966421338775035,4.305474095055995,4.836884284277911,4.306847498235682,4.8293984326573005,3162.4670563538116,1960.4471672222542,4364.48694548537,1987.1030880165922,4339.6004260676045,2561.7501044240557,1590.258052958054,3533.2421558900583,1611.8050013082666,3513.1037037263163
Jan,CH4,Barren,-12.530937945433045,8.91445288961861,-40.698366088416755,16.795822387458276,-30.002944550964532,4.941068660098441,-29.910159550936374,4.898621464692681,-365.09291497252593,-811.7264243974398,81.54059445238788,-822.4193855916966,85.70774963918655,-306.6658451071369,-681.3067409670842,67.9750507528105,-690.272678266515,71.49157788958773
Jan,CH4,Cropland,-41.77758275818773,73.60903197382014,-242.76766134181648,156.69490643647472,-186.04863436373245,102.49346884735701,-188.7875332627227,100.01717376216733,-365.09291497252593,-811.7264243974398,81.54059445238788,-822.4193855916966,85.70774963918655,-306.6658451071369,-681.3067409670842,67.9750507528105,-690.272678266515,71.49157788958773
Jan,CH4,Forestland,-97.5230456547372,0.6666216248373426,-99.71744729414968,-95.45961580999938,-98.82960003073397,-96.21649127874043,-98.84495890147952,-96.2507877547375,-365.09291497252593,-811.7264243974398,81.54059445238788,-822.4193855916966,85.70774963918655,-306.6658451071369,-681.3067409670842,67.9750507528105,-690.272678266515,71.49157788958773
Jan,CH4,Grassland,-225.85657875910806,144.61710320292391,-689.799125428086,247.1612593504251,-509.30089258535094,57.587735067134815,-517.3332668122729,64.30591015816113,-365.09291497252593,-811.7264243974398,81.54059445238788,-822.4193855916966,85.70774963918655,-306.6658451071369,-681.3067409670842,67.9750507528105,-690.272678266515,71.49157788958773
Jan,CH4,Wetland,12.595230144940093,0.07121713087535113,12.366239413474736,12.818659101899053,12.45564713334213,12.734813156538056,12.456532935714948,12.73683200890291,-365.09291497252593,-811.7264243974398,81.54059445238788,-822.4193855916966,85.70774963918655,-306.6658451071369,-681.3067409670842,67.9750507528105,-690.272678266515,71.49157788958773
Jan,CO2,Barren,104727.86736309621,31599.449347787468,7396.424572059186,206971.5086092502,42794.08471013509,166661.65001605733,46436.741964217166,168709.0760001768,8497062.423700001,3687505.280032133,13306619.567367868,3702895.9796379567,13280455.669499965,7541609.955626857,3273138.6430334672,11810081.268220246,3286583.726595236,11786985.145326175
Jan,CO2,Cropland,4193209.475844983,1236624.124717443,592651.9239389995,8149381.654115816,1769470.7289854274,6616948.222704539,1831336.7115669888,6580796.90845729,8497062.423700001,3687505.280032133,13306619.567367868,3702895.9796379567,13280455.669499965,7541609.955626857,3273138.6430334672,11810081.268220246,3286583.726595236,11786985.145326175
Jan,CO2,Forestland,113090.16946830685,8536.096598364376,85090.56958144996,137831.98853983358,96359.72756695781,129820.61136965589,96489.72350382412,129758.85113304952,8497062.423700001,3687505.280032133,13306619.567367868,3702895.9796379567,13280455.669499965,7541609.955626857,3273138.6430334672,11810081.268220246,3286583.726595236,11786985.145326175
Jan,CO2,Grassland,4051792.5973959262,1168615.9268458958,732871.5470350832,7575630.526527504,1761347.4690180765,6342237.725773776,1711105.836536739,6351299.367100572,8497062.423700001,3687505.280032133,13306619.567367868,3702895.9796379567,13280455.669499965,7541609.955626857,3273138.6430334672,11810081.268220246,3286583.726595236,11786985.145326175
Jan,CO2,Wetland,34242.31362768877,8525.179037957509,8014.1990814413875,61762.6861406664,17533.269751536227,50951.35750384131,17526.9660661875,49891.46680887627,8497062.423700001,3687505.280032133,13306619.567367868,3702895.9796379567,13280455.669499965,7541609.955626857,3273138.6430334672,11810081.268220246,3286583.726595236,11786985.145326175
Jan,N2O,Barren,118.12359320843765,26.689759222622357,12.785265710750082,203.7035380267504,65.8126263760521,170.43456004082321,67.27499947234583,168.66650583600682,3178.164918130965,1966.7235939840798,4389.606242277851,1993.5875228848427,4364.553353210854,2561.7501044240557,1590.258052958054,3533.2421558900583,1611.8050013082666,3513.1037037263163
Jan,N2O,Cropland,930.7076531713568,538.6531991704627,-877.2291740771665,2410.958323477835,-125.03321736003033,1986.4485237027438,-101.33736871740406,1969.163368525869,3178.164918130965,1966.7235939840798,4389.606242277851,1993.5875228848427,4364.553353210854,2561.7501044240557,1590.258052958054,3533.2421558900583,1611.8050013082666,3513.1037037263163
Jan,N2O,Forestland,34.929993354938546,21.0134990624166,-24.923921585165925,107.94384981249156,-6.255707996564176,76.11569470644127,-4.951466404848842,74.03499973106976,3178.164918130965,1966.7235939840798,4389.606242277851,1993.5875228848427,4364.553353210854,2561.7501044240557,1590.258052958054,3533.2421558900583,1611.8050013082666,3513.1037037263163
Jan,N2O,Grassland,2089.858824862369,31.60242281738945,1997.1866929055832,2191.7411453153327,2027.919214316079,2151.7984354086593,2028.3193143925253,2147.8868934389475,3178.164918130965,1966.7235939840798,4389.606242277851,1993.5875228848427,4364.553353210854,2561.7501044240557,1590.258052958054,3533.2421558900583,1611.8050013082666,3513.1037037263163
Jan,N2O,Wetland,4.544853533863015,0.1347855814717185,4.161411808641485,4.937819463125076,4.280678648543158,4.809028419182872,4.282044142224557,4.801585678961215,3178.164918130965,1966.7235939840798,4389.606242277851,1993.5875228848427,4364.553353210854,2561.7501044240557,1590.258052958054,3533.2421558900583,1611.8050013082666,3513.1037037263163
Jul,CH4,Barren,-14.78438613754387,10.517545797368005,-48.01718451073369,19.816228023416745,-35.39839710613576,5.829624831048019,-35.288926508322696,5.779544323899406,-430.53728468840006,-956.6754782950427,95.60090891824258,-969.2748305796357,100.5264799659014,-306.6658451071369,-681.3067409670842,67.9750507528105,-690.272678266515,71.49157788958773
Jul,CH4,Cropland,-49.09005022715099,86.49306250392381,-285.2600821300833,184.12173035065007,-218.6133376474134,120.43323719311144,-221.8316350126939,117.5235080493052,-430.53728468840006,-956.6754782950427,95.60090891824258,-969.2748305796357,100.5264799659014,-306.6658451071369,-681.3067409670842,67.9750507528105,-690.272678266515,71.49157788958773
Jul,CH4,Forestland,-115.02549553174273,0.7862601317906895,-117.61372618300811,-112.59174216818246,-116.5665370725322,-113.48445399095327,-116.58465239806452,-113.5249056515854,-430.53728468840006,-956.6754782950427,95.60090891824258,-969.2748305796357,100.5264799659014,-306.6658451071369,-681.3067409670842,67.9750507528105,-690.272678266515,71.49157788958773
Jul,CH4,Grassland,-266.3770668048527,170.5625754744851,-813.5546404076667,291.5039785658755,-600.6735718452381,67.91943823553277,-610.1470186573291,75.8429080094126,-430.53728468840006,-956.6754782950427,95.60090891824258,-969.2748305796357,100.5264799659014,-306.6658451071369,-681.3067409670842,67.9750507528105,-690.272678266515,71.49157788958773
Jul,CH4,Wetland,14.739714012890193,0.08334267257047057,14.4717349561494,15.001184338542467,14.576365376276756,14.90306264950363,14.57740199677449,14.905425234869591,-430.53728468840006,-956.6754782950427,95.60090891824258,-969.2748305796357,100.5264799659014,-306.6658451071369,-681.3067409670842,67.9750507528105,-690.272678266515,71.49157788958773
Jul,CO2,Barren,116247.0519338761,35075.12300120201,8209.969065560028,229736.63377208263,47501.074098207726,184993.02976954446,51544.39301279057,187265.6553915257,9418062.683747832,4087307.5600247183,14748817.807470944,4104233.727219535,14719881.622921567,7541609.955626857,3273138.6430334672,11810081.268220246,3286583.726595236,11786985.145326175
Jul,CO2,Cropland,4642525.063796329,1369132.2903297085,656156.4421818331,9022613.537820837,1959075.0846792646,7325975.042913394,2027570.201936093,7285950.001605246,9418062.683747832,4087307.5600247183,14748817.807470944,4104233.727219535,14719881.622921567,7541609.955626857,3273138.6430334672,11810081.268220246,3286583.726595236,11786985.145326175
Jul,CO2,Forestland,125495.53479203302,9472.459124295503,94424.53385283363,152951.39440129139,106929.85606338602,144061.21352068003,107074.11183463322,143992.67852811803,9418062.683747832,4087307.5600247183,14748817.807470944,4104233.727219535,14719881.622921567,7541609.955626857,3273138.6430334672,11810081.268220246,3286583.726595236,11786985.145326175
Jul,CO2,Grassland,4495985.926218167,1296729.9371715959,813215.4057720006,8406138.125478327,1954441.9516869527,7037529.900749382,1898692.3872372487,7047584.959316987,9418062.683747832,4087307.5600247183,14748817.807470944,4104233.727219535,14719881.622921567,7541609.955626857,3273138.6430334672,11810081.268220246,3286583.726595236,11786985.145326175
Jul,CO2,Wetland,37809.10700742549,9413.190066779674,8848.984736941135,68196.09313641489,19359.593496907146,56258.62051794383,19352.633198769952,55088.328079690655,9418062.683747832,4087307.5600247183,14748817.807470944,4104233.727219535,14719881.622921567,7541609.955626857,3273138.6430334672,11810081.268220246,3286583.726595236,11786985.145326175
Jul,N2O,Barren,146.29155385303775,33.05424634138235,15.834062751108226,252.27904344816488,81.50642148781351,211.076686218262,83.31751465525662,208.88701868536015,3929.1105680390624,2435.7216410257874,5422.499495052339,2468.836237246877,5391.587583728007,2561.7501044240557,1590.258052958054,3533.2421558900583,1611.8050013082666,3513.1037037263163
Jul,N2O,Cropland,1146.5678684023253,663.5837239293271,-1080.686057318584,2970.1349680938292,-154.0323312261255,2447.1680680307763,-124.8406741299343,2425.8739447273024,3929.1105680390624,2435.7216410257874,5422.499495052339,2468.836237246877,5391.587583728007,2561.7501044240557,1590.258052958054,3533.2421558900583,1611.8050013082666,3513.1037037263163
Jul,N2O,Forestland,43.247653041396354,26.017311466468097,-30.858898316783325,133.6478400441083,-7.745340407442086,94.2406464902348,-6.13052796624025,91.66448870327386,3929.1105680390624,2435.7216410257874,5422.499495052339,2468.836237246877,5391.587583728007,2561.7501044240557,1590.258052958054,3533.2421558900583,1611.8050013082666,3513.1037037263163
Jul,N2O,Grassland,2587.432752308296,39.12663519527362,2472.696337293499,2713.5722071294927,2510.7459564893225,2664.11954812727,2511.2413162858847,2659.276708178756,3929.1105680390624,2435.7216410257874,5422.499495052339,2468.836237246877,5391.587583728007,2561.7501044240557,1590.258052958054,3533.2421558900583,1611.8050013082666,3513.1037037263163
Jul,N2O,Wetland,5.5707404340070665,0.1652100519919414,5.100746339183388,6.0524085834998305,5.246934682218872,5.894546185795261,5.248608401909988,5.885423433314812,3929.1105680390624,2435.7216410257874,5422.499495052339,2468.836237246877,5391.587583728007,2561.7501044240557,1590.258052958054,3533.2421558900583,1611.8050013082666,3513.1037037263163
Jun,CH4,Barren,-11.177528880116663,7.951643768251854,-36.30272245444212,14.981782737949894,-26.762464283782656,4.407406523549328,-26.679700565533093,4.36954385480074,-318.0874108874774,-705.884384284995,69.70956251004016,-715.1678750025484,73.37446022261304,-306.6658451071369,-681.3067409670842,67.9750507528105,-690.272678266515,71.49157788958773
Jun,CH4,Cropland,-35.8639673160716,63.18967595987499,-208.40390699856653,134.5147476712497,-159.71345639218302,87.98552176003983,-162.06466424363632,85.85974616133318,-318.0874108874774,-705.884384284995,69.70956251004016,-715.1678750025484,73.37446022261304,-306.6658451071369,-681.3067409670842,67.9750507528105,-690.272678266515,71.49157788958773
Jun,CH4,Forestland,-85.18061034022097,0.5822545480246625,-87.09729033848332,-83.37832645553317,-86.32180828418394,-84.03941239625799,-86.33522334905743,-84.06936833886374,-318.0874108874774,-705.884384284995,69.70956251004016,-715.1678750025484,73.37446022261304,-306.6658451071369,-681.3067409670842,67.9750507528105,-690.272678266515,71.49157788958773
Jun,CH4,Grassland,-196.8956754141281,126.07329114793846,-601.3482779533333,215.4685214988167,-443.99478547651984,50.203434648263624,-450.9971927443235,56.06015854519537,-318.0874108874774,-705.884384284995,69.70956251004016,-715.1678750025484,73.37446022261304,-306.6658451071369,-681.3067409670842,67.9750507528105,-690.272678266515,71.49157788958773
Jun,CH4,Wetland,11.030371063059945,0.062368957975574436,10.82983064346748,11.226040715234072,10.908130151674527,11.152611974445364,10.908905900002022,11.154380000147498,-318.0874108874774,-705.884384284995,69.70956251004016,-715.1678750025484,73.37446022261304,-306.6658451071369,-681.3067409670842,67.9750507528105,-690.272678266515,71.49157788958773
Jun,CO2,Barren,97443.24004990488,29401.465013753797,6881.946450672578,192575.05098400018,39817.427530233006,155069.05256957677,43206.710002647655,156974.06435564105,7756454.218573339,3366573.040874945,12146335.396271734,3380186.7048587156,12122687.615938462,7541609.955626857,3273138.6430334672,11810081.268220246,3286583.726595236,11786985.145326175
Jun,CO2,Cropland,3808073.5041909623,1123043.2419622496,538218.3031304082,7400881.003285845,1606949.196863852,6009197.811518073,1663132.9411858346,5976366.906522781,7756454.218573339,3366573.040874945,12146335.396271734,3380186.7048587156,12122687.615938462,7541609.955626857,3273138.6430334672,11810081.268220246,3286583.726595236,11786985.145326175
Jun,CO2,Forestland,103837.00165334588,7837.663350976351,78128.36125239171,126554.41661448342,88475.46376248273,119198.53954420904,88594.82328219255,119141.83260123958,7756454.218573339,3366573.040874945,12146335.396271734,3380186.7048587156,12122687.615938462,7541609.955626857,3273138.6430334672,11810081.268220246,3286583.726595236,11786985.145326175
Jun,CO2,Grassland,3715602.430364507,1071652.1326244462,672062.8551073322,6947056.276770015,1615202.8464650512,5816002.014263962,1569129.922625674,5824311.782280672,7756454.218573339,3366573.040874945,12146335.396271734,3380186.7048587156,12122687.615938462,7541609.955626857,3273138.6430334672,11810081.268220246,3286583.726595236,11786985.145326175
Jun,CO2,Wetland,31498.04231461941,7841.948210543492,7371.919565066074,56812.857994253434,16128.106253325846,46867.97837591298,16122.307762366721,45893.030178130415,7756454.218573339,3366573.040874945,12146335.396271734,3380186.7048587156,12122687.615938462,7541609.955626857,3273138.6430334672,11810081.268220246,3286583.726595236,11786985.145326175
Jun,N2O,Barren,101.88759737175415,23.021272615919823,11.027940901941596,175.7046454644175,56.766732166273115,147.0084625772352,58.02810322007303,145.48342604513016,2649.1544304564122,1650.6969390968286,3647.611921815996,1672.8415784198141,3626.8688036261847,2561.7501044240557,1590.258052958054,3533.2421558900583,1611.8050013082666,3513.1037037263163
Jun,N2O,Cropland,764.0308958422306,442.18792540080494,-720.1296663300842,1979.1893205651675,-102.641512341831,1630.7033040262922,-83.18925963445975,1616.5136790140584,2649.1544304564122,1650.6969390968286,3647.611921815996,1672.8415784198141,3626.8688036261847,2561.7501044240557,1590.258052958054,3533.2421558900583,1611.8050013082666,3513.1037037263163
Jun,N2O,Forestland,29.321143400092772,17.639276740936484,-20.921786942967476,90.6108703585666,-5.251203725477794,63.89349052566334,-4.156389467987529,62.146901136860734,2649.1544304564122,1650.6969390968286,3647.611921815996,1672.8415784198141,3626.8688036261847,2561.7501044240557,1590.258052958054,3533.2421558900583,1611.8050013082666,3513.1037037263163
Jun,N2O,Grassland,1750.0875755717298,26.464470648788673,1672.4821675844141,1835.4057707885852,1698.2181662301866,1801.956984913273,1698.5532176531435,1798.6813851834056,2649.1544304564122,1650.6969390968286,3647.611921815996,1672.8415784198141,3626.8688036261847,2561.7501044240557,1590.258052958054,3533.2421558900583,1611.8050013082666,3513.1037037263163
Jun,N2O,Wetland,3.8272182706052407,0.11350285244139528,3.504322237650134,4.158134629733165,3.604756767677542,4.049679773532939,3.605906649044785,4.043412246729758,2649.1544304564122,1650.6969390968286,3647.611921815996,1672.8415784198141,3626.8688036261847,2561.7501044240557,1590.258052958054,3533.2421558900583,1611.8050013082666,3513.1037037263163
Mar,CH4,Barren,-10.192283381632189,7.250744552311757,-33.10281178862473,13.661210529183185,-24.403481565263228,4.01891480199885,-24.328013071359432,3.984389545691023,-283.9065586354449,-629.9691739438941,62.156056673004265,-638.2492587112116,65.44483902817569,-306.6658451071369,-681.3067409670842,67.9750507528105,-690.272678266515,71.49157788958773
Mar,CH4,Cropland,-31.817943124163914,56.060878541584636,-184.89264172294193,119.33935119463331,-141.6952460073441,78.05935975901629,-143.78120033110534,76.17340535530104,-283.9065586354449,-629.9691739438941,62.156056673004265,-638.2492587112116,65.44483902817569,-306.6658451071369,-681.3067409670842,67.9750507528105,-690.272678266515,71.49157788958773
Mar,CH4,Forestland,-76.0761631377646,0.5200208334535688,-77.7879806470334,-74.46651462404195,-77.0953852425441,-75.0569410329851,-77.10736645117412,-75.08369516362166,-283.9065586354449,-629.9691739438941,62.156056673004265,-638.2492587112116,65.44483902817569,-306.6658451071369,-681.3067409670842,67.9750507528105,-690.272678266515,71.49157788958773
Mar,CH4,Grassland,-175.97355017678228,112.67674914195737,-537.4490381344998,192.5728465073747,-396.81592039007313,44.868820036508566,-403.07425218994007,50.10320872676439,-283.9065586354449,-629.9691739438941,62.156056673004265,-638.2492587112116,65.44483902817569,-306.6658451071369,-681.3067409670842,67.9750507528105,-690.272678266515,71.49157788958773
Mar,CH4,Wetland,10.153381184898016,0.057410199603257106,9.968785099108572,10.333493762575623,10.040859261330377,10.265903108465656,10.041573332367427,10.267530564040893,-283.9065586354449,-629.9691739438941,62.156056673004265,-638.2492587112116,65.44483902817569,-306.6658451071369,-681.3067409670842,67.9750507528105,-690.272678266515,71.49157788958773
Mar,CO2,Barren,91946.36998540329,27742.89913680238,6493.72900828494,181711.70086983344,37571.28685054328,146321.4531202633,40769.37652855675,148119.00129716643,7211813.651393951,3130377.661397661,11293249.641390242,3142856.0409092717,11271365.5928367,7541609.955626857,3273138.6430334672,11810081.268220246,3286583.726595236,11786985.145326175
Mar,CO2,Cropland,3531377.2111724527,1041442.4268497252,499111.12488214177,6863129.73970751,1490187.562575002,5572566.859769903,1542288.9713631186,5542121.462747556,7211813.651393951,3130377.661397661,11293249.641390242,3142856.0409092717,11271365.5928367,7541609.955626857,3273138.6430334672,11810081.268220246,3286583.726595236,11786985.145326175
Mar,CO2,Forestland,96704.99501442074,7299.336298357618,72762.14321577518,117862.07260313381,82398.55875859389,111011.43127024759,82509.72011315855,110958.6192229946,7211813.651393951,3130377.661397661,11293249.641390242,3142856.0409092717,11271365.5928367,7541609.955626857,3273138.6430334672,11810081.268220246,3286583.726595236,11786985.145326175
Mar,CO2,Grassland,3461877.7128944607,998472.9807447161,626170.1738450838,6472667.554051678,1504906.6310984625,5418848.794690459,1461979.8564511985,5426591.119450388,7211813.651393951,3130377.661397661,11293249.641390242,3142856.0409092717,11271365.5928367,7541609.955626857,3273138.6430334672,11810081.268220246,3286583.726595236,11786985.145326175
Mar,CO2,Wetland,29907.36232721381,7445.922643103525,6999.630874749894,53943.75662791729,15313.622115059617,44501.102539368,15308.116453239787,43575.39011859472,7211813.651393951,3130377.661397661,11293249.641390242,3142856.0409092717,11271365.5928367,7541609.955626857,3273138.6430334672,11810081.268220246,3286583.726595236,11786985.145326175
Mar,N2O,Barren,90.4026497926137,20.426274637566404,9.784852180334079,155.89891155149962,50.367887164659614,130.4374124205678,51.48707427453798,129.08428066464768,2286.557325632556,1429.3609531879192,3143.753698077193,1448.3762495678013,3125.901775053264,2561.7501044240557,1590.258052958054,3533.2421558900583,1611.8050013082666,3513.1037037263163
Mar,N2O,Cropland,654.3494227861842,378.7090487094455,-616.7504927596674,1695.06416107525,-87.9066733037539,1396.6055188761222,-71.2469146471032,1384.452904385223,2286.557325632556,1429.3609531879192,3143.753698077193,1448.3762495678013,3125.901775053264,2561.7501044240557,1590.258052958054,3533.2421558900583,1611.8050013082666,3513.1037037263163
Mar,N2O,Forestland,25.32621362151294,15.235971011571225,-18.071247707879973,78.2653741642501,-4.535740830662949,55.18816807368883,-3.590092177651202,53.67954696140188,2286.557325632556,1429.3609531879192,3143.753698077193,1448.3762495678013,3125.901775053264,2561.7501044240557,1590.258052958054,3533.2421558900583,1611.8050013082666,3513.1037037263163
Mar,N2O,Grassland,1513.0431479579297,22.879932717885172,1445.9491736683315,1586.8052341934138,1468.1993038621752,1557.8869920536843,1468.4889735146419,1555.0550630713221,2286.557325632556,1429.3609531879192,3143.753698077193,1448.3762495678013,3125.901775053264,2561.7501044240557,1590.258052958054,3533.2421558900583,1611.8050013082666,3513.1037037263163
Mar,N2O,Wetland,3.4358914743155555,0.10189737178315836,3.146011031583233,3.7329721780248897,3.236176295501277,3.635606653129834,3.237208603375817,3.6299799706693574,2286.557325632556,1429.3609531879192,3143.753698077193,1448.3762495678013,3125.901775053264,2561.7501044240557,1590.258052958054,3533.2421558900583,1611.8050013082666,3513.1037037263163
May,CH4,Barren,-7.728928024786192,5.498324631742422,-25.102250413616275,10.359456164821646,-18.505446278310792,3.0475902287384082,-18.448217634282823,3.0214093219638283,-215.59952812744615,-477.82286524178545,46.62380898689306,-484.1000789637393,49.130258731961284,-306.6658451071369,-681.3067409670842,67.9750507528105,-690.272678266515,71.49157788958773
May,CH4,Cropland,-24.00513059378019,42.29527676698766,-139.4927382033499,90.03588633070012,-106.90234977322969,58.8920885856693,-108.47610348066115,57.469225342172656,-215.59952812744615,-477.82286524178545,46.62380898689306,-484.1000789637393,49.130258731961284,-306.6658451071369,-681.3067409670842,67.9750507528105,-690.272678266515,71.49157788958773
May,CH4,Forestland,-57.801465379658964,0.3951036035706537,-59.102077245674685,-56.578479900350125,-58.575854212819436,-57.02707654649849,-58.584957345615706,-57.047403911762764,-215.59952812744615,-477.82286524178545,46.62380898689306,-484.1000789637393,49.130258731961284,-306.6658451071369,-681.3067409670842,67.9750507528105,-690.272678266515,71.49157788958773
May,CH4,Grassland,-133.6213755100317,85.55843871548824,-408.09928349981664,146.22566067655043,-301.31283396586605,34.070082945802625,-306.0649509894558,38.0446928575946,-215.59952812744615,-477.82286524178545,46.62380898689306,-484.1000789637393,49.130258731961284,-306.6658451071369,-681.3067409670842,67.9750507528105,-690.272678266515,71.49157788958773
May,CH4,Wetland,7.557371380810875,0.04273159763698418,7.419972700458554,7.691432893425372,7.4736189884405295,7.641123773181221,7.4741504862761605,7.642335121992967,-215.59952812744615,-477.82286524178545,46.62380898689306,-484.1000789637393,49.130258731961284,-306.6658451071369,-681.3067409670842,67.9750507528105,-690.272678266515,71.49157788958773
May,CO2,Barren,77203.87260105988,23294.658080375048,5452.537464405876,152576.4095559145,31547.18173134984,122860.5634707699,34232.496095653616,124369.89636204967,6048021.389267112,2625356.138663512,9470686.639870713,2635660.587036812,9452409.590123842,7541609.955626857,3273138.6430334672,11810081.268220246,3286583.726595236,11786985.145326175
May,CO2,Cropland,2955460.286162783,871598.1184738525,417713.26589079946,5743851.809519589,1247159.3649611573,4663761.207364408,1290763.7819685086,4638281.0175081985,6048021.389267112,2625356.138663512,9470686.639870713,2635660.587036812,9452409.590123842,7541609.955626857,3273138.6430334672,11810081.268220246,3286583.726595236,11786985.145326175
May,CO2,Forestland,81298.10765703369,6136.417546169886,61169.7932628002,99084.4729968744,69270.95027244106,93325.26504162632,69364.40157522839,93280.86692650116,6048021.389267112,2625356.138663512,9470686.639870713,2635660.587036812,9452409.590123842,7541609.955626857,3273138.6430334672,11810081.268220246,3286583.726595236,11786985.145326175
May,CO2,Grassland,2909241.397817174,839081.9003701218,526211.5946623335,5439404.266769995,1264671.0930123096,4553811.702622038,1228596.927419024,4560318.0825627055,6048021.389267112,2625356.138663512,9470686.639870713,2635660.587036812,9452409.590123842,7541609.955626857,3273138.6430334672,11810081.268220246,3286583.726595236,11786985.145326175
May,CO2,Wetland,24817.72502906175,6178.774935831026,5808.433136091878,44763.60383708278,12707.548686254157,36927.90137186934,12702.979978397396,36159.72676438708,6048021.389267112,2625356.138663512,9470686.639870713,2635660.587036812,9452409.590123842,7541609.955626857,3273138.6430334672,11810081.268220246,3286583.726595236,11786985.145326175
May,N2O,Barren,63.228652216268245,14.286371230218672,6.8436380672141395,109.03749040541636,35.22787913527047,91.22942529726602,36.0106514621653,90.28302939632658,1598.1087709858828,1001.8377240383444,2194.3798179334212,1015.0636982332496,2181.943062278096,2561.7501044240557,1590.258052958054,3533.2421558900583,1611.8050013082666,3513.1037037263163
May,N2O,Cropland,454.6920353429747,263.15601751018215,-428.5654225193587,1177.8602480530026,-61.084281291974094,970.4683519779235,-49.50780653990153,962.0237857795595,1598.1087709858828,1001.8377240383444,2194.3798179334212,1015.0636982332496,2181.943062278096,2561.7501044240557,1590.258052958054,3533.2421558900583,1611.8050013082666,3513.1037037263163
May,N2O,Forestland,17.758261501241847,10.683174417315856,-12.671216757710075,54.878198599758434,-3.1803755972569014,38.69689859974059,-2.517304665318385,37.6390820378711,1598.1087709858828,1001.8377240383444,2194.3798179334212,1015.0636982332496,2181.943062278096,2561.7501044240557,1590.258052958054,3533.2421558900583,1611.8050013082666,3513.1037037263163
May,N2O,Grassland,1060.0837593694703,16.030372380606252,1013.0756931474995,1111.763706356498,1028.6648068447164,1091.5027118942241,1028.8677581581267,1089.518576857581,1598.1087709858828,1001.8377240383444,2194.3798179334212,1015.0636982332496,2181.943062278096,2561.7501044240557,1590.258052958054,3533.2421558900583,1611.8050013082666,3513.1037037263163
May,N2O,Wetland,2.3460625559278174,0.0695765888632986,2.148129164408298,2.5489123607749207,2.2096949475886016,2.4824301642670332,2.210399818177674,2.4785882067577254,1598.1087709858828,1001.8377240383444,2194.3798179334212,1015.0636982332496,2181.943062278096,2561.7501044240557,1590.258052958054,3533.2421558900583,1611.8050013082666,3513.1037037263163
Nov,CH4,Barren,-8.974071760443183,6.384114284572262,-29.146266576433238,12.028382555016682,-21.486705831392506,3.5385623105061423,-21.420257553369932,3.508163614154362,-254.7585679657412,-565.677961569174,56.16082563769174,-573.1175045590276,59.085763694645905,-306.6658451071369,-681.3067409670842,67.9750507528105,-690.272678266515,71.49157788958773
Nov,CH4,Cropland,-28.84630115554174,50.825063680080106,-167.62456340345003,108.19363309669158,-128.4615954804535,70.76899316937002,-130.35273176117767,69.05917778366232,-254.7585679657412,-565.677961569174,56.16082563769174,-573.1175045590276,59.085763694645905,-306.6658451071369,-681.3067409670842,67.9750507528105,-690.272678266515,71.49157788958773
Nov,CH4,Forestland,-68.25198643777594,0.466538445268166,-69.78774929183328,-66.80788484277491,-69.16638498790486,-67.33758788764702,-69.17713396964841,-67.36159044621435,-254.7585679657412,-565.677961569174,56.16082563769174,-573.1175045590276,59.085763694645905,-306.6658451071369,-681.3067409670842,67.9750507528105,-690.272678266515,71.49157788958773
Nov,CH4,Grassland,-157.59546173697169,100.90916669129336,-481.3196599136415,172.4611831314669,-355.37379416185547,40.18287068791213,-360.97852674075904,44.87059734753522,-254.7585679657412,-565.677961569174,56.16082563769174,-573.1175045590276,59.085763694645905,-306.6658451071369,-681.3067409670842,67.9750507528105,-690.272678266515,71.49157788958773
Nov,CH4,Wetland,8.909253124991347,0.050375534110793756,8.74727622052463,9.067295900715786,8.810518892432222,9.007987357550471,8.811145465927424,9.00941539550836,-254.7585679657412,-565.677961569174,56.16082563769174,-573.1175045590276,59.085763694645905,-306.6658451071369,-681.3067409670842,67.9750507528105,-690.272678266515,71.49157788958773
Nov,CO2,Barren,84832.65461869915,25596.483917388516,5991.3215740325395,167653.01297383508,34664.46800975895,135000.84122763935,37615.12758594973,136659.3165288028,6749978.671750674,2929639.0229420024,10570318.320559345,2941623.785662788,10549681.681314467,7541609.955626857,3273138.6430334672,11810081.268220246,3286583.726595236,11786985.145326175
Nov,CO2,Cropland,3318934.0272669974,978790.5684432596,469085.23125709844,6450252.54016916,1400539.7647107223,5237328.289823272,1449506.8186827796,5208714.449356459,6749978.671750674,2929639.0229420024,10570318.320559345,2941623.785662788,10549681.681314467,7541609.955626857,3273138.6430334672,11810081.268220246,3286583.726595236,11786985.145326175
Nov,CO2,Forestland,90283.75790009435,6814.65844751914,67930.71776080008,110035.99996997479,76927.2727760152,103640.2430241735,77031.05298737039,103590.93771075312,6749978.671750674,2929639.0229420024,10570318.320559345,2941623.785662788,10549681.681314467,7541609.955626857,3273138.6430334672,11810081.268220246,3286583.726595236,11786985.145326175
Nov,CO2,Grassland,3228398.2004586225,931132.940437605,583939.361836,6036131.260741651,1403411.1723820379,5053385.228535207,1363379.509360978,5060605.387477307,6749978.671750674,2929639.0229420024,10570318.320559345,2941623.785662788,10549681.681314467,7541609.955626857,3273138.6430334672,11810081.268220246,3286583.726595236,11786985.145326175
Nov,CO2,Wetland,27530.031506260468,6854.047599218922,6443.231482791404,49655.77717233201,14096.345063468161,40963.71794905278,14091.2770457102,40111.590241145466,6749978.671750674,2929639.0229420024,10570318.320559345,2941623.785662788,10549681.681314467,7541609.955626857,3273138.6430334672,11810081.268220246,3286583.726595236,11786985.145326175
Nov,N2O,Barren,76.7055235308813,17.331439879853313,8.302325328809198,132.2782867081672,42.736525566147606,110.67452149561498,43.686141903586154,109.52640603686467,1990.5679203307059,1237.5339947497841,2743.601845911627,1254.2375980373236,2727.97284046245,2561.7501044240557,1590.258052958054,3533.2421558900583,1611.8050013082666,3513.1037037263163
Nov,N2O,Cropland,576.5803692345702,333.6996955046057,-543.450050474267,1493.6067578505852,-77.45901560643938,1230.6197540755797,-62.77925970978483,1219.9114708460559,1990.5679203307059,1237.5339947497841,2743.601845911627,1254.2375980373236,2727.97284046245,2561.7501044240557,1590.258052958054,3533.2421558900583,1611.8050013082666,3513.1037037263163
Nov,N2O,Forestland,22.017604258093307,13.245548080491938,-15.710425033456659,68.04080788438296,-3.9431929351645287,47.97840145135115,-3.1210835539365793,46.66686617323277,1990.5679203307059,1237.5339947497841,2743.601845911627,1254.2375980373236,2727.97284046245,2561.7501044240557,1590.258052958054,3533.2421558900583,1611.8050013082666,3513.1037037263163
Nov,N2O,Grassland,1312.361346836755,19.845263076399608,1254.1663518149169,1376.3400317593332,1273.4653459432893,1351.2573477302208,1273.716595391019,1348.801030381727,1990.5679203307059,1237.5339947497841,2743.601845911627,1254.2375980373236,2727.97284046245,2561.7501044240557,1590.258052958054,3533.2421558900583,1611.8050013082666,3513.1037037263163
Nov,N2O,Wetland,2.903076470405899,0.08609581083422309,2.65814874238337,3.1540878912246626,2.7343317819510484,3.07182115886075,2.735204006439926,3.067067024569913,1990.5679203307059,1237.5339947497841,2743.601845911627,1254.2375980373236,2727.97284046245,2561.7501044240557,1590.258052958054,3533.2421558900583,1611.8050013082666,3513.1037037263163
Oct,CH4,Barren,-6.872918680005493,4.889363434236671,-22.322076907000035,9.212105425431673,-16.45589491843644,2.7100575584254534,-16.405004573056075,2.68677629061543,-190.4866600583029,-423.0534751531836,42.08015503657777,-428.61488643695503,44.2808116439524,-306.6658451071369,-681.3067409670842,67.9750507528105,-690.272678266515,71.49157788958773
Oct,CH4,Cropland,-21.444692995634245,37.78397380051924,-124.61415005450817,80.43246977593344,-95.49992083745693,52.61053484618844,-96.90581467230896,51.339437181782024,-190.4866600583029,-423.0534751531836,42.08015503657777,-428.61488643695503,44.2808116439524,-306.6658451071369,-681.3067409670842,67.9750507528105,-690.272678266515,71.49157788958773
Oct,CH4,Forestland,-51.029329985905406,0.3488124744381947,-52.177559562075054,-49.9496319335752,-51.71298987316256,-50.34567009864825,-51.721026464700735,-50.36361586909786,-190.4866600583029,-423.0534751531836,42.08015503657777,-428.61488643695503,44.2808116439524,-306.6658451071369,-681.3067409670842,67.9750507528105,-690.272678266515,71.49157788958773
Oct,CH4,Grassland,-118.0646875436567,75.5974131766727,-360.58687623359947,129.2015358526669,-266.2328946943289,30.10351960701547,-270.4317529190755,33.615390934134226,-190.4866600583029,-423.0534751531836,42.08015503657777,-428.61488643695503,44.2808116439524,-306.6658451071369,-681.3067409670842,67.9750507528105,-690.272678266515,71.49157788958773
Oct,CH4,Wetland,6.924969146898936,0.03915580964908768,6.799068013525054,7.047812367366835,6.848225170201218,7.001713123596653,6.848712192186258,7.002823106518584,-190.4866600583029,-423.0534751531836,42.08015503657777,-428.61488643695503,44.2808116439524,-306.6658451071369,-681.3067409670842,67.9750507528105,-690.272678266515,71.49157788958773
Oct,CO2,Barren,71691.90902058857,21631.5380498294,5063.254039721641,141683.23043974987,29294.87351271516,114088.94452846199,31788.47009811605,115490.51873291348,5613554.886092661,2436547.2507189424,8790562.521466378,2446369.452541861,8773482.845445253,7541609.955626857,3273138.6430334672,11810081.268220246,3286583.726595236,11786985.145326175
Oct,CO2,Cropland,2752542.262701768,811755.3358517543,389033.6214087258,5349486.484531413,1161531.0401741143,4343553.485229421,1202141.6351514899,4319822.73175993,5613554.886092661,2436547.2507189424,8790562.521466378,2446369.452541861,8773482.845445253,7541609.955626857,3273138.6430334672,11810081.268220246,3286583.726595236,11786985.145326175
Oct,CO2,Forestland,75150.90105028618,5672.423640669424,56544.55205959206,91592.38314895828,64033.15500952054,86268.64709105183,64119.5401642551,86227.60605758829,5613554.886092661,2436547.2507189424,8790562.521466378,2446369.452541861,8773482.845445253,7541609.955626857,3273138.6430334672,11810081.268220246,3286583.726595236,11786985.145326175
Oct,CO2,Grassland,2690681.1663397267,776044.871366264,486679.32070877403,5030762.530633341,1169661.1680748307,4211701.164604623,1136297.1172174306,4217718.744988359,5613554.886092661,2436547.2507189424,8790562.521466378,2446369.452541861,8773482.845445253,7541609.955626857,3273138.6430334672,11810081.268220246,3286583.726595236,11786985.145326175
Oct,CO2,Wetland,23488.646980291247,5847.879411528583,5497.370741366719,42366.35255099833,12027.013947761941,34950.280012820556,12022.68991056954,34223.24390646244,5613554.886092661,2436547.2507189424,8790562.521466378,2446369.452541861,8773482.845445253,7541609.955626857,3273138.6430334672,11810081.268220246,3286583.726595236,11786985.145326175
Oct,N2O,Barren,54.32340512886108,12.274250754324527,5.879766691991638,93.68043692067538,30.266315713171426,78.38049454455074,30.93884085401452,77.56739089397074,1367.7453653890811,853.2336268997365,1882.2571038784256,864.6486058328419,1871.5517055095206,2561.7501044240557,1590.258052958054,3533.2421558900583,1611.8050013082666,3513.1037037263163
Oct,N2O,Cropland,392.9502807780782,227.42256941243102,-370.3713503222668,1017.9208765788329,-52.789764541847035,838.6903260980034,-42.78523697008905,831.39243125759,1367.7453653890811,853.2336268997365,1882.2571038784256,864.6486058328419,1871.5517055095206,2561.7501044240557,1590.258052958054,3533.2421558900583,1611.8050013082666,3513.1037037263163
Oct,N2O,Forestland,15.11483567181868,9.092918569749314,-10.78502864941917,46.7092431172332,-2.7069572392454315,32.93662858288279,-2.1425884706974467,32.03627448558437,1367.7453653890811,853.2336268997365,1882.2571038784256,864.6486058328419,1871.5517055095206,2561.7501044240557,1590.258052958054,3533.2421558900583,1611.8050013082666,3513.1037037263163
Oct,N2O,Grassland,903.2618416263668,13.658943032083073,863.2078439194156,947.2965923505811,876.4908052165997,930.032878036134,876.6637332286322,928.3422630716959,1367.7453653890811,853.2336268997365,1882.2571038784256,864.6486058328419,1871.5517055095206,2561.7501044240557,1590.258052958054,3533.2421558900583,1611.8050013082666,3513.1037037263163
Oct,N2O,Wetland,2.0950021839563044,0.0621309543741436,1.918250337991746,2.276144320641682,1.9732277510578817,2.216776616854727,1.9738571909816567,2.213345800679614,1367.7453653890811,853.2336268997365,1882.2571038784256,864.6486058328419,1871.5517055095206,2561.7501044240557,1590.258052958054,3533.2421558900583,1611.8050013082666,3513.1037037263163
Sep,CH4,Barren,-10.322986961466231,7.3437264910946585,-33.527314899583565,13.836398860799969,-24.716426396324465,4.0704524733920024,-24.639990111215436,4.035484472860101,-294.9516263317537,-656.2942498089586,66.39099714545127,-664.9354065849976,69.75115565003847,-306.6658451071369,-681.3067409670842,67.9750507528105,-690.272678266515,71.49157788958773
Sep,CH4,Cropland,-33.830995075421654,59.607728207415406,-196.59039640624178,126.8896919833666,-150.6599955622081,82.99800541136479,-152.87792367212197,80.99273078077053,-294.9516263317537,-656.2942498089586,66.39099714545127,-664.9354065849976,69.75115565003847,-306.6658451071369,-681.3067409670842,67.9750507528105,-690.272678266515,71.49157788958773
Sep,CH4,Forestland,-78.9126091413498,0.5394094428942452,-80.68825055725847,-77.24294601981637,-79.96983222234334,-77.85538606035627,-79.98226014187016,-77.88313769984872,-294.9516263317537,-656.2942498089586,66.39099714545127,-664.9354065849976,69.75115565003847,-306.6658451071369,-681.3067409670842,67.9750507528105,-690.272678266515,71.49157788958773
Sep,CH4,Grassland,-182.43082691815627,116.81137591283864,-557.1705086061665,199.6392275715995,-411.3769166918895,46.51526285557699,-417.8648953922457,51.941725276867686,-294.9516263317537,-656.2942498089586,66.39099714545127,-664.9354065849976,69.75115565003847,-306.6658451071369,-681.3067409670842,67.9750507528105,-690.272678266515,71.49157788958773
Sep,CH4,Wetland,10.545791764640276,0.059629004285459364,10.354061360166574,10.732865381174634,10.428921063806792,10.66266246547376,10.429662732455668,10.664352819388872,-294.9516263317537,-656.2942498089586,66.39099714545127,-664.9354065849976,69.75115565003847,-306.6658451071369,-681.3067409670842,67.9750507528105,-690.272678266515,71.49157788958773
Sep,CO2,Barren,92687.88457013041,27966.63569470836,6546.0986099316115,183177.14073916772,37874.285839749726,147501.48330051108,41098.16696704851,149313.5280604635,7434146.676796468,3226233.625546391,11642059.728046544,3239807.338623728,11619145.021166323,7541609.955626857,3273138.6430334672,11810081.268220246,3286583.726595236,11786985.145326175
Sep,CO2,Cropland,3670509.931899156,1082474.2140712591,518775.60267569125,7133530.168855011,1548899.4581261878,5792120.405672124,1603053.610171284,5760475.490539535,7434146.676796468,3226233.625546391,11642059.728046544,3239807.338623728,11619145.021166323,7541609.955626857,3273138.6430334672,11810081.268220246,3286583.726595236,11786985.145326175
Sep,CO2,Forestland,98957.62993306304,7469.366190052055,74457.05612630832,120607.53802905853,84317.94121321986,113597.31865290622,84431.69194746441,113543.27640795415,7434146.676796468,3226233.625546391,11642059.728046544,3239807.338623728,11619145.021166323,7541609.955626857,3273138.6430334672,11810081.268220246,3286583.726595236,11786985.145326175
Sep,CO2,Grassland,3541367.252017355,1021399.3125358247,640547.9140945002,6621289.025818328,1539461.3856131686,5543273.1184215415,1495548.9523679267,5551193.2177527575,7434146.676796468,3226233.625546391,11642059.728046544,3239807.338623728,11619145.021166323,7541609.955626857,3273138.6430334672,11810081.268220246,3286583.726595236,11786985.145326175
Sep,CO2,Wetland,30623.978376763334,7624.335824826382,7167.350373741239,55236.31333525479,15680.554754065142,45567.40199946152,15674.917170004484,44619.50840561266,7434146.676796468,3226233.625546391,11642059.728046544,3239807.338623728,11619145.021166323,7541609.955626857,3273138.6430334672,11810081.268220246,3286583.726595236,11786985.145326175
Sep,N2O,Barren,91.90609718922158,20.76597518281382,9.947579827924983,158.49159896983474,51.20553372705395,132.60666065138923,52.34333355403561,131.2310255460214,2415.863710825625,1493.0179443430673,3338.709477308182,1513.489357662075,3319.6212014027774,2561.7501044240557,1590.258052958054,3533.2421558900583,1611.8050013082666,3513.1037037263163
Sep,N2O,Cropland,708.4596984127031,410.02572798558845,-667.7515909403324,1835.2345131324935,-95.175961173867,1512.0953579992733,-77.13855305135742,1498.9378044088867,2415.863710825625,1493.0179443430673,3338.709477308182,1513.489357662075,3319.6212014027774,2561.7501044240557,1590.258052958054,3533.2421558900583,1611.8050013082666,3513.1037037263163
Sep,N2O,Forestland,26.55719012864285,15.976512912498317,-18.949597772969963,82.06944998695023,-4.756199778392965,57.87058003567867,-3.7645880259114706,56.28863263880709,2415.863710825625,1493.0179443430673,3338.709477308182,1513.489357662075,3319.6212014027774,2561.7501044240557,1590.258052958054,3533.2421558900583,1611.8050013082666,3513.1037037263163
Sep,N2O,Grassland,1585.3306611956832,23.97304988473404,1515.031189058335,1662.6168225988367,1538.3443468220223,1632.316975569344,1538.6478558013623,1629.3497476671614,2415.863710825625,1493.0179443430673,3338.709477308182,1513.489357662075,3319.6212014027774,2561.7501044240557,1590.258052958054,3533.2421558900583,1611.8050013082666,3513.1037037263163
Sep,N2O,Wetland,3.6100638993739222,0.10706275971298135,3.3054888191415253,3.922204236650032,3.400224746251013,3.8199030524968314,3.4013093839460833,3.813991141900624,2415.863710825625,1493.0179443430673,3338.709477308182,1513.489357662075,3319.6212014027774,2561.7501044240557,1590.258052958054,3533.2421558900583,1611.8050013082666,3513.1037037263163
